ID,Name,Country,Display,
1,Agriculture and Agri-Food Canada,Canada,N,
2,Auburn University,USA,Y,
4,Bayer,Company,N,
5,Brown University,USA,Y,
6,Center for Research in Agricultural Genomics (CRAG),Spain,Y,
7,CNRS,France,Y,
8,Cold Spring Harbor Laboratory,USA,Y,
9,Cornell University,USA,Y,
10,Dow,Company,N,
11,DuPont/Pioneer,Company,N,
12,Gregor Mendel Institute,Austria,Y,
13,Gustavus Adolphus College,USA,N,
14,Helsinki University,Finland,Y,
15,Helsinki University Central Hospital,Finland,Y,
16,INRA,France,Y,
17,IST Austria,Austria,Y,
18,James Hutton Institute,UK,Y,
19,Kenyon College,USA,Y,
20,Leibniz Institute of Plant Biochemistry,Germany,Y,
21,Massey University,New Zealand,N,
22,McGill University,Canada,Y,
23,Michigan State University,USA,Y,
24,Monsanto,Company,N,
25,Nagoya University,Japan,Y,
26,Nara Institute of Science and Technology (NAIST),Japan,Y,
27,National Institute for Environmental Studies (NIES),Japan,Y,
28,Norwich Bioscience Institutes,UK,Y,
29,Ohio State University,USA,Y,
30,Oklahoma State University,USA,Y,
31,RIKEN,Japan,Y,
32,Rochester Institute of Technology,USA,N,
33,Rutgers,USA,Y,
34,Saint Louis University,USA,Y,
35,South Dakota State University,USA,Y,
36,Stanford University,USA,Y,
37,SUNY Stony Brook,USA,Y,
38,Tartu University,Estonia,Y,
40,Texas A&M,USA,Y,
41,Universitaetsbibliothek Erlangen Nuremberg,Germany,Y,
42,Universiteit Gent,Belgium,Y,
43,University of Amsterdam,Netherlands,Y,
44,University of Cambridge,UK,Y,
45,University of Exeter,UK,Y,
46,University of Lausanne,Switzerland,Y,
47,University of Leeds,UK,Y,
48,University of Leicester,UK,Y,
49,University of Melbourne,Australia,Y,
50,University of Montreal,Canada,Y,
51,University of Nebraska Lincoln,USA,Y,
52,University of Queensland,Australia,Y,
53,University of Regensburg,Germany,Y,
54,University of Texas Austin,USA,Y,
55,University of Turku,Finland,Y,
56,University of Wisconsin Madison,USA,Y,
57,Washington State University,USA,Y,
58,Washington University in St. Louis,USA,Y,
59,Yale University,USA,Y,
60,UC Berkeley,USA,Y,
61,UC Davis,USA,Y,
62,UC Irvine,USA,Y,
63,UC Los Angeles,USA,Y,
64,UC Merced,USA,Y,
65,UC Riverside,USA,Y,
66,UC San Diego,USA,Y,
67,UC Santa Barbara,USA,Y,
68,UC Santa Cruz,USA,Y,
69,University of Tennessee Knoxville,USA,Y,
70,COS Heidelberg,Germany,Y,
71,University of Illinois Urbana Champaign,USA,Y,
72,Duke University,USA,Y,
73,Institute of Biochemistry and Biophysics Polish Academy of Sciences,Poland,Y,
74,Uni Goettingen,Germany,Y,
75,King Abdullah University of Science and Technology,Saudi Arabia,Y,
76,University of Arizona,USA,Y,
77,Noble Foundation,USA,Y,
78,University of Cologne,Germany,Y,
80,POSTECH,Korea,Y,
81,University of Hamburg,Germany,Y,
82,Kazusa DNA Research Institute,Japan,Y,
83,Leiden University,Netherlands,Y,
84,Australian National University,Australia,Y,
85,University of Nevada Reno,USA,Y,
88,Southern Illinois University Carbondale,USA,Y,
89,North Carolina State University,USA,Y,
90,Virginia Tech,USA,Y,
91,Helmholtz Zentrum Muenchen,Germany,Y,
92,Donald Danforth Plant Science Center,USA,Y,
93,Academia Sinica,Taiwan,Y,
94,Copenhagen University,Denmark,Y,
95,New York University,USA,Y,
96,CCMB Hyderabad,India,Y,
97,University of North Texas,USA,Y,
98,SecureState PCI Scan,,N,
99,Rockefeller University,USA,Y,
100,University of Michigan,USA,Y,
101,Umea University,Sweden,Y,
102,Google Inc.,,N,
103,Phoenix Bioinformatics Corporation,,N,
104,Elsevier,,N,
105,Anhui Academy of Agricultural Sciences,China,Y,
106,Anhui Polytechnical University,China,Y,
107,Anhui University,China,Y,
108,Anhui University of Science and Technology,China,Y,
109,Beijing Academy of Agriculture and Forestry Sciences ,China,Y,
110,Beijing Forestry University ,China,Y,
111,Beijing University of Agriculture ,China,Y,
112,Beijin Wuzi University,China,Y,
113,Biogas Institute of Ministry of Agriculture,China,Y,
114,Capital Normal University Library ,China,Y,
115,Changchun University of Science and Technology,China,Y,
116,Changchun University of Technology Library,China,Y,
117,Changzhou University Library,China,Y,
118,"Chengdu Institute of Biology, CAS",China,Y,
119,Chengdu Institute of Technology,China,Y,
120,Chengdu Library of Chinese Academy of Sciences,China,Y,
121,"Chenshan Botanical Garden, Shanghai",China,Y,
122,China National Rice Research Institute,China,Y,
123,China Ocean University ,China,Y,
124,China University of Science and Technology,China,Y,
125,China West Normal University Library,China,Y,
126,Chinese Academy For Environmental Planning,China,Y,
127,Chinese Academy of Sciences Institute of Zoology,China,Y,
128,Chongqing Academy of Science and Technology,China,Y,
129,"Chongqing Institute of Green and Intelligent Technology, CAS",China,Y,
130,Chongqing University,China,Y,
131,Cibus LLC,China,Y,
132,"Cold and Arid Regions Environmental and Engineering Research Institute, CAS",China,Y,
133,Computer Network Information Center,China,Y,
134,"Cotton Research Institute, CAAS",China,Y,
135,Dalian Jiaotong University,China,Y,
136,Dalian Maritime University,China,Y,
137,Dalian University,China,Y,
138,Dali University,China,Y,
139,East-China Normal University,China,Y,
140,Edinburgh University,UK,Y,
141,"Farmland Irrigation Research Institute, CAAS",China,Y,
142,Foshan University,China,Y,
143,Fujian Academy of Forestry,China,Y,
144,Fujian Institute of Microbiology,China,Y,
145,Fujian Normal University,China,Y,
146,Fuzhou University,China,Y,
147,Gansu Academy of Sciences,China,Y,
148,"Grassland Research Institute, CAAS",China,Y,
149,Guangdong Polytechnic Normal University ,China,Y,
150,Guangdong University of Technology,China,Y,
151,Guang Hua Collegc of Changchun University,China,Y,
152,Guangxi Academy of Sciences,China,Y,
153,Guangxi Mangrove Research Center,China,Y,
154,Guangxi Medicinal Botanical Garden,China,Y,
155,Guangxi Normal University,China,Y,
156,Guangxi University Library ,China,Y,
157,"GuangZhou Institute of Biomedicine and Health, CAS",China,Y,
158,Guangzhou Jinan University,China,Y,
159,Guizhou Academy of Sciences,China,Y,
160,Guizhou Normal University,China,Y,
161,Guizhou University,China,Y,
162,Hainan University,China,Y,
163,Hangzhou Dianzi University,China,Y,
164,Hangzhou Teachers College,China,Y,
165,Hanshan Normal University,China,Y,
166,Hebei Normal University,China,Y,
167,Heilongjiang Academy of Sciences,China,Y,
168,Heilongjiang August First Land Reclamation University Library,China,Y,
169,Heilongjiang University,China,Y,
170,Henan Agriculture University,China,Y,
171,Henan University,China,Y,
172,Hubei Academy of Agricultural Sciences ,China,Y,
173,Huizhou University Library,China,Y,
174,Hunan Agriculture University,China,Y,
175,Hunan Environment-Biological Polytechnic,China,Y,
176,Hunan Normal University,China,Y,
177,Hybrid Rape Research Center of Shaanxi Province,China,Y,
178,"Information Institute, Shanxi Academy of Agricultural Sciences",China,Y,
179,Inner Mongolia Academy of Agriculture Animal Husbandry Science,China,Y,
180,Inner Mongolia University,China,Y,
181,"Institute of Agricultural Information, Jangsu Academy of Agricultural Sciences",China,Y,
182,"Institute of Agricultural Information and Economy Research, Hebei AAFS",China,Y,
183,"Institute of Animal and Plant Quarantine,Chinese Academy of Inspection and Quarantine",China,Y,
184,"Institute of Animal Sciences, CAAS",China,Y,
185,"Institute of Bast Fiber Crops, CAAS",China,Y,
186,"Institute of Biophysics, CAS",China,Y,
187,"Institute of Information and Technology, Chinese Academy of Tropical Agricultural Sciences",China,Y,
188,"Institute of Medicinal Plant Development, Chinese Academy of Medical Sciences and Peking Union Medical College (CAMS and PUMC)",China,Y,
189,"Institute of Microbiology, CAS",China,Y,
190,Institute of Ningxia Academy of Agriculture and Agricultural Science and Technology Information,China,Y,
191,"Institute of Oceanology, CAS",China,Y,
192,Institute of Scientific and Technical Information of China ,China,Y,
193,"Institute of Special Animal and Plant Sciences, CAAS",China,Y,
194,Iowa State University,USA,Y,
195,Jawaharal Nehru University,India,Y,
196,Jiangsu Normal University ,China,Y,
197,Jiangsu University,China,Y,
198,Jiangxi University of Science and Technology ,China,Y,
199,Jilin Academy of Agricultural Sciences,China,Y,
200,Jilin Normal University Library,China,Y,
201,Jilin Province Science and Technology Information Institute,China,Y,
202,Jilin University,China,Y,
203,Jinan University,China,Y,
204,KAIST,Korea,Y,
205,Kansas State University,USA,Y,
206,"Kunming Institute of Botany, CAS ",China,Y,
207,Kunming University of Science and Technology,China,Y,
208,Lanzhou University of Technology (Gansu University of Technology) Library,China,Y,
209,Library Guangdong Academy of Agricultural Science,China,Y,
210,Library of China Jiliang University,China,Y,
211,Library of Huaihua University,China,Y,
212,Library of Jinggangshan University,China,Y,
213,Library of Tianjin University,China,Y,
214,Library of Xinjiang Agricultural University,China,Y,
215,Linyi Normal University,China,Y,
216,Nanjing Forestry University,China,Y,
217,Nanjing Normal University,China,Y,
218,Nanjing University,China,Y,
219,Nanjing University of Science and Technology,China,Y,
220,Nanjing University of Technology,China,Y,
221,Nanjing Xiaozhuang University,China,Y,
222,Nankai University ,China,Y,
223,Nantong University,China,Y,
224,National Institute for the Control of Pharmaceutical and Biological Products,China,Y,
225,"National Institute of Biological Sciences, Beijing",China,Y,
226,Neijiang Normal University,China,Y,
227,Ningbo University,China,Y,
228,North China University of Technology,China,Y,
229,Northeast Dianli University,China,Y,
230,Northeast Forestry University,China,Y,
231,"Northeast Institute of Geography and Agricultural Ecology, CAS",China,Y,
232,Northeast Normal University,China,Y,
233,North-East University,China,Y,
234,Northwest Agriculture and Forest University,China,Y,
235,North West Normal University,China,Y,
236,"Northwest Plateau Institute of Biology, CAS",China,Y,
237,Northwest University,China,Y,
238,"Oil Crops Research Institute, CAAS",China,Y,
239,Qingdao Agricultural University Library ,China,Y,
240,Qingdao University,China,Y,
241,Qinzhou University,China,Y,
242,Renmin University of China,China,Y,
243,"Research Center of Eco-Environmental Sciences, CAS",China,Y,
244,"Research Institute of Subtropical Forestry, the Chinese Academy of Forestry",China,Y,
245,S and T Information Egineering Research Center of Shandong Academy of Agricultural Sciences,China,Y,
246,Science and Technology Information Institute of Heilongjiang Academy of Agricultural Reclamation,China,Y,
247,Shandong Academy of Sciences,China,Y,
248,Shandong Normal University,China,Y,
249,Shandong University of Science and Technology,China,Y,
250,Shanghai Academy of Science and Technology,China,Y,
251,"Shanghai Advanced Research Institute, CAS",China,Y,
252,Shangqiu Normal University,China,Y,
253,Shanxi Academy of Sciences,China,Y,
254,Shanxi Normal University,China,Y,
255,Shijiazhuang University,China,Y,
256,Sichuan Normal University,China,Y,
257,Sichuan University,China,Y,
258,South China Agricultural University,China,Y,
259,"South China Botanical Garden, CAS",China,Y,
260,South China Normal University Library,China,Y,
261,"South China Sea Institute of Oceanology, CAS",China,Y,
262,South China University of Technology ,China,Y,
263,Southeast University,China,Y,
264,Southern Yangtze University ,China,Y,
265,Southwest Jiaotong University,China,Y,
266,Southwest University,China,Y,
267,"Tea Research Institute, CAAS",China,Y,
268,The Academy of Science of the State Administration of Grain,China,Y,
269,The Library of Gansu Agricultural University,China,Y,
270,The Library of Huainan Normal University,China,Y,
271,The Library of Sichuan Agricultural University,China,Y,
272,The Library of Yunnan Agriculture University,China,Y,
273,"The Research Institute of Pomology, CAAS",China,Y,
274,The Science and Technology Library of Guangdong Province,China,Y,
275,Tibet Academy of Agricultural and Animal Science,China,Y,
276,Tibet Academy of Agricultural Research Institute,China,Y,
277,Tibet Autonomous Institute of Science and Technology Information,China,Y,
278,Tibet University Library,China,Y,
279,"Tobacco Research Institute, CAAS",China,Y,
280,Tongji University,China,Y,
281,Tutian Unibersity Library,China,Y,
282,Universidad Nacional Autonoma de Mexico  ,Mexico,Y,
283,University of Durham,UK,Y,
284,"University of Maryland, College Park",USA,Y,
285,University of Minnesota,USA,Y,
286,University of Utrecht,Netherlands,N,
287,University of Washington,USA,Y,
288,University of Western Australia,Australia,Y,
289,Weizmann Institute,Israel,Y,
290,"Wuhan Institue of Botany, CAS",China,Y,
291,Wuhan University,China,Y,
292,Xi'an Jiaotong University,China,Y,
293,Xiamen University,China,Y,
294,Xinjiang Bayinguolengmongolai Autonomous Prefecure Institute of Agricultural Sciences,China,Y,
295,"Xishuangbanna Tropical Botanical Garden, CAS",China,Y,
296,Yangtze University,China,Y,
297,Yanshan University,China,Y,
298,Yunnan Academy of Agricutural Sciences,China,Y,
299,Yunnan Institute of  Tropical Crops,China,Y,
300,Yunnan University,China,Y,
301,Zhejiang Gongshang University,China,Y,
302,Zhejiang Normal University,China,Y,
303,"Zhengzhou Fruit Research Institute, CAAS",China,Y,
586,"Agro-Environmental Protection Institute, Ministry of Agriculture",China,Y,
587,"Bee Research Institute, CAAS",China,Y,
588,"Bejing Institute of Genomics, Chinese Academy of Science",China,Y,
589,"Biotechnology Research Institute, CAAS",China,Y,
590,"China Academy of Railway Sciences, Institute of Scientific and Technical Information",China,Y,
591,"Chinese Acad Med Sci, Peking Union Med Coll, Fuwai Hospital & Cardiovascular Institute",China,Y,
592,"Feed Research Institute, CAAS",China,Y,
593,"Graduate School, CAS",China,Y,
594,"Guangzhou Institutes of Biomedicine and Health,Chinese Academy of Sciences",China,Y,
595,"Haematology Institute and Hospital, CAMS & PUMC",China,Y,
596,"Harbin Veterinary Research Institute, CAAS",China,Y,
597,"Hefei Institutes, Academy of Sciences",China,Y,
598,"Institute for the History of Natural Science, CAS",China,Y,
599,"Institute of agricultural economics and development, CAAS",China,Y,
600,"Institute of Agricultural Research and Regional Planning, CAAS",China,Y,
601,"Institute of Agro-food Science and Technology, CAAS",China,Y,
602,"Institute of basic medical Science, Chinese Academy of Medical Sciences and Peking Union Medical College (CAMS & PUMC)",China,Y,
603,"Institute of biomedical Engineering,Chinese Academy of Medical Sciences and Peking Union Medical College (CAMS & PUMC)",China,Y,
604,"Institute of Botany, CAS",China,Y,
605,"Institute of Chemistry, Chinese Academy of Sciences",China,Y,
606,"Institute of Environment and Sustainable Development in Agriculture, CAAS",China,Y,
607,"Institute of Genetics and Developmental Biology, CAS",China,Y,
608,"Institute of Hydrobiology, CAS",China,Y,
609,"Institute of Hydrobiology, MWR and CAS",China,Y,
610,"Institute of Information Engineering, Chinese Academy of Sciences",China,Y,
611,"Institute of Information on Traditional Chinese Medicine, China Academy of Chinese Medical Sciences",China,Y,
612,"Institute of Laboratory Animal Sciences, CAMS & PUMC",China,Y,
613,"Institute of Materia Medica, CAMS & PUMC",China,Y,
614,"Institute of Medicine Biotechnology, CAMS & PUMC",China,Y,
615,"Institute of Pathogen Biology, CAMS & PUMC",China,Y,
616,"Institute of Quality Standard and Testing Technology for Agro-Products, CAAS",China,Y,
617,"Institute of Soil Science, CAS",China,Y,
618,"Institute of Subtropical Agriculture, CAS",China,Y,
619,"Institute of Tibetan Plateau Research, CAS",China,Y,
620,"Jiangsu Univ.of Science and Technology, ZhangJiagang campus library",China,Y,
621,"Lanzhou Institute of Animal Sciences and Veterinary Pharmaceutics, CAAS",China,Y,
622,"Lanzhou Veterinary Research Institute, CAAS",China,Y,
623,"Library of College of Biochemical Engineering, Beijing Union University",China,Y,
624,"Nanjing Institute of Soil Science, CAS",China,Y,
625,"National Science Library, Chinese Academy of Sciences",China,Y,
626,"Patent Office, State Intellectual Property Office of P.R.China",China,Y,
627,"Plastic Surgery Hospital, CAMS & PUMC",China,Y,
628,"Purple Mountain Observatory, CAS",China,Y,
629,"Qingdao Institute of Bioenergy and Bioprocess Technology, Chinese Academy of Sciences",China,Y,
630,"Shanghai Information Center for Life Sciences, CAS",China,Y,
631,"Shanghai Veterinary Research Institute, CAAS",China,Y,
632,"Shenzhen Institute of Advanced Technology, CAS",China,Y,
633,"Suzhuo Institute of Biomedical Engineering and Technology, CAS",China,Y,
634,"Technology and Information Institute, Xinjiang Academy of Agricultural and Reclamation Sciences",China,Y,
635,"The Library of Shandong University, Weihai",China,Y,
636,"Union Hospital, Tongji Medical College, Huazhong University of Science and Technology",China,Y,
637,"WenJing College, YanTai University",China,Y,
638,"Wuhan Branch of the National Science Library, CAS",China,Y,
639,"Xinjiang Institute of Ecology and Geography, CAS",China,Y,
640,"Yantai Institute of Coastal Zone Research, Chinese Academy of Sciences",China,Y,
641,Agricultural Information and Rural Economy Institute of SAAS,China,Y,
642,Anhui Polytechnic University Library,China,Y,
643,Animal Science Academy of Xinjiang Uygur Autonomous Region,China,Y,
644,Anshan Science and Technology Universityï¼›Library of University of Sciences & Technology Liaoning,China,Y,
645,Baotou Medical College of Inner Mongolia University of Science and Technology,China,Y,
646,BASF,Company,N,
647,Beijing Academy of Science and Technology,China,Y,
648,Beijing Information Science & Technology University,China,Y,
649,Beijing Institute of Technology ,China,Y,
650,Beijing Jiaotong University,China,Y,
651,Beijing Normal University ,China,Y,
652,California State University Long Beach,USA,Y,
653,Capital Library of China,China,Y,
654,Capital University of Medical Sciences,China,Y,
655,Central Hospital of Karamay,China,Y,
656,Changsha University of Science and Technology,China,Y,
657,Chengde Medical University Library,China,Y,
658,Chengdu Medical College,China,Y,
659,Chengdu University of Information Technology,China,Y,
660,China Agricultural University,China,Y,
661,China-Japan Friendship Institute of Clinical Medical Sciences,China,Y,
662,China National Chemical Information Center,China,Y,
663,China National Institute of Standardization,China,Y,
664,China Population and Development Research Center,China,Y,
665,Chinese Academy of Agricultural Sciences,China,Y,
666,Chinese Academy of Agricultural Sciences Institute of Plant Protection,China,Y,
667,Chinese Academy of Medical Science/Xiehe Medical University,China,Y,
668,Chinese Center for Disease Control and Prevention,China,Y,
669,Chongqing University of Medical Sciences,China,Y,
670,Chong Qing University of Science & Technology Library,China,Y,
671,CSIRO,Australia,Y,
672,Dalian Fisheries University,China,Y,
673,Dalian Medical University,China,Y,
674,Dalian University of Technology,China,Y,
675,East-China Institute of Technology,China,Y,
676,Enzyme Engineering Institute of Shaanxi Academy of Sciences,China,Y,
677,First Affliated Hospital of Medical College of Xi'an Jiaotong University,China,Y,
678,Fudan University,China,Y,
679,Fujian Institute of Education,China,Y,
680,Fujian Institute of Scientific & Technological Information,China,Y,
681,FuJian University of Technology,China,Y,
682,Gannan Medical School,China,Y,
683,Gengdan Institute of Beijing University of Technology,China,Y,
684,Guangdong Institute of Science and Technology,China,Y,
685,Guangdong Medical College,China,Y,
686,Guangxi Teachers Education University,China,Y,
687,Guangzhou Medica1 University Library,China,Y,
688,GUANGZHOU UNIVERSITY OF TRADITIONAL CHINESE MEDICINE,China,Y,
689,Guangzhou Vocational College of Science and Technology Library,China,Y,
690,Guilin University of Technology,China,Y,
691,Hainan Education and Research Digital Library,China,Y,
692,Hainan Software Vocational and Technical College Library,China,Y,
693,Harbin Industrial University,China,Y,
694,He's University,China,Y,
695,Hebei Academy of Sciences,China,Y,
696,Hebei United University,China,Y,
697,Hefei Industrial University,China,Y,
698,Henan Academy of Sciences,China,Y,
699,Henan Industrial University,China,Y,
700,Henan Normal University,China,Y,
701,Henan University of Science and Technology,China,Y,
702,Henan Xuchang University Library,China,Y,
703,Hexi College of Gansu Province,China,Y,
704,Huaihai Institute of Technology,China,Y,
705,Huazhong Agricultural University,China,Y,
706,Hua Zhong Normal University,China,Y,
707,Huazhong University of Science and Technology,China,Y,
708,Hubei Qiche Industry College,China,Y,
709,Hubei University of Technology,China,Y,
710,Hubei University of Technology and Science,China,Y,
711,Hunan Institute of Scientific and Technical Information,China,Y,
712,Hunan University of Science and technology,China,Y,
713,Indiana University,USA,Y,
714,Information Center Liaoning Academy of Agricultural Sciences,China,Y,
715,Information Center of HAAS,China,Y,
716,Information Institute on Science and Technology of Hebei Province ,China,Y,
717,Inner Mongolia Industrial University,China,Y,
718,Inner Mongolia Medical College Library,China,Y,
719,Inner Mongolia University of Technology,China,Y,
720,Institute of Agricultural Economics & Information of Xinjiang Academy of Agricultural Sciences,China,Y,
721,Institute of Agricultural Machinery Xinjiang Academy of Agricultural Science,China,Y,
722,Institute of Applied Ecology,China,Y,
723,Institute of Scientific & Technical Information of Shaanxi,China,Y,
724,Institute of Scientific &  Techonlogy Information of Liaoning Province,China,Y,
725,Institute of Scientific and Technical Information of Guangdong Province,China,Y,
726,Institute of Scientific and Technical Information of Heilongjiang Province,China,Y,
727,Jiangsu Information Institute of Science and Technology,China,Y,
728,Jiangxi Academy of Sciences,China,Y,
729,Jiangyin Polytechnic College,China,Y,
730,JiLin Medical College Library,China,Y,
731,Jimei University,China,Y,
732,Jinhua College of Profession and Technology,China,Y,
733,Jinhua Hospital of Traditonal Chinese Medical,China,Y,
734,Jishou University Library,China,Y,
735,Kashgar Teacher's College Library,China,Y,
736,Lanzhou University,China,Y,
737,Liaoning Medical University,China,Y,
738,Liaoning Technical University,China,Y,
739,Liaoning University of Technology,China,Y,
740,Liaoning University of Traditional Chinese Medicine,China,Y,
741,Library of Guangdong Ocean University,China,Y,
742,Library of Guizhou University For Nationalities,China,Y,
743,Library of Henan Academy of Agricultural Science,China,Y,
744,Library of National Academy of Government,China,Y,
745,Library of South-Central University for Nationalities,China,Y,
746,Library of TongLing University,China,Y,
747,Library of Xi'an Medical University,China,Y,
748,Library of Zhejiang Ocean University,China,Y,
749,Library of Zhongyuan University of Tehnology,China,Y,
750,Longping College of Graduate School in Central South University and Hunan Academy of Agricultural Sciences,China,Y,
751,Ludong University,China,Y,
752,Luzhou Medical College,China,Y,
753,Medical Collage Tibet University,China,Y,
754,Montana State University,USA,Y,
755,Mount Allison University,Canada,Y,
756,Mudanjiang Normal University,China,Y,
757,Nanchang University,China,Y,
758,Nanjing Agricultural University Library,China,Y,
759,NanJing College of Information Technology,China,Y,
760,Nanjing Medical University,China,Y,
761,Nanjing Research Institute for Agriculture Mechanization,China,Y,
762,National Library of China,China,Y,
763,National Marine Data and Information Service,China,Y,
764,National Marine Environmental Forecasting Center,China,Y,
765,National Natural Science Foundation of China (NSFC),China,Y,
766,Ningxia Medical University,China,Y,
767,North China Coal Medical College,China,Y,
768,Northwesten Polytechnical University,China,Y,
769,Oregon State University,USA,Y,
770,Panyu Polytechnic Library,China,Y,
771,Panzhihua University Library,China,Y,
772,Peking Union Medical College Hospital,China,Y,
773,Peking University,China,Y,
774,Qingdao Centers for Disease Control and Prevention,China,Y,
775,Qingdao Harbour Vocational and Technical College,China,Y,
776,Qingdao Technological University,China,Y,
777,Quanzhou Titan Maritime Institute,China,Y,
778,Rothamsted,UK,Y,
779,School of Nursing Peking Union Medical College,China,Y,
780,Science & Technology Information Institute of Xinjiang Uygur Autonomous Region,China,Y,
781,Shandong Entry-Exit Inspection Quarantine Bureau,China,Y,
782,Shandong Institute of Scientific and Technical Infornation,China,Y,
783,Shanghai Academy of Agricultural Sciences,China,Y,
784,Shanghai Dianji University Library,China,Y,
785,Shanghai Jiao Tong University,China,Y,
786,Shanghai Marine University,China,Y,
787,Shanghai University,China,Y,
788,Shanghai University of Tradional Chinese Medicine,China,Y,
789,Shantou University,China,Y,
790,Shanxi Center for Disease Control and Prevention,China,Y,
791,Shanxi Microbiology Institute,China,Y,
792,Shanxi Provincial People's Hospital,China,Y,
793,Shanxi University Library,China,Y,
794,Shaoxing University,China,Y,
795,Shengyang Industrial University,China,Y,
796,Shengyang Medical College,China,Y,
797,Shengzhen University,China,Y,
798,ShenYang Ligong University,China,Y,
799,Shenzhen Entry-Exit Inspection and Quarantine Bureau,China,Y,
800,Shihezi University Library,China,Y,
801,Songshan Lake Library,China,Y,
802,Soochow University Library,China,Y,
803,Southern Medical University,China,Y,
804,Southwest University of Science and Technology,China,Y,
805,Sun Yat-Sen University,China,Y,
806,Suzhou Dushulake Library,China,Y,
807,Suzhou Health College of Technology,China,Y,
808,Suzhou Science and Technology Service Center,China,Y,
809,Swedish University of Agricultural Sciences,Sweden,Y,
810,Syracuse University,USA,Y,
811,Teda Library & Archives,China,Y,
812,Teda Polytechnic,China,Y,
813,The 718th Research of CSIC,China,Y,
814,The Center for Disease Control and Prevention of Xinjiang Uygur Autonomous Region,China,Y,
815,The Lanzhou Branch of the National Science ,China,Y,
816,The Library of Xinjiang Uygur Autonomous Region,China,Y,
817,The Medical Library of the Chinese PLA ,China,Y,
818,The Shijiazhuang Second Hospital ,China,Y,
819,Third Military Medical University,China,Y,
820,Tianjing Agriculture College,China,Y,
821,Tianjin Information Institute of TAAS,China,Y,
822,Tianjin Institute of Scientific and Technical Information ,China,Y,
823,Tianjin Internatonal Joint Academy of Biotechnology and Medicine,China,Y,
824,Tianjin Polytechnic University,China,Y,
825,Tianjin University of Science & Technology,China,Y,
826,Tianjin University of Technology ,China,Y,
827,Tianjin University of Traditional Chinese Medicine ,China,Y,
828,Tsinghua University,China,Y,
829,University of Alberta,Canada,Y,
830,University of Barcelona,Spain,N,
831,University of Eastern Finland,Finland,Y,
832,University of Essex,UK,Y,
833,University of Hawaii,USA,Y,
834,University of New Hampshire,USA,Y,
835,University of Shanghai for Science,China,Y,
836,University of Toronto,Canada,Y,
837,University of Wisconsin La Crosse,USA,Y,
838,University Town Library of Shenzhen,China,Y,
839,Uppsala University,Sweden,Y,
840,Wenzhou Medical College,China,Y,
841,Wenzhou University,China,Y,
842,Wuhan University of Science and Engineering,China,Y,
843,Wuyi University,China,Y,
844,Xi'an jJiaotong-Liverpool University,China,Y,
845,Xi'an Polytechnic University,China,Y,
846,Xi'an Shiyou University,China,Y,
847,Xi'an University of  Technology,China,Y,
848,Xiamen Institute of Technology,China,Y,
849,Xidian University,China,Y,
850,Xinjiang Academy of Environmental Protection Science ,China,Y,
851,Xinjiang Institute of Traditonal Uighur Medicine,China,Y,
852,Xinjiang Medical University,China,Y,
853,Xinjiang Normal University Library,China,Y,
854,Xinjiang University Library,China,Y,
855,Xinxiang Medical University,China,Y,
856,XinXiang University,China,Y,
857,Xinyang Normal University,China,Y,
858,Xuzhou Medical College,China,Y,
859,Yangzhou University,China,Y,
860,Yulin Normal University,China,Y,
861,Yulin University,China,Y,
862,Yunyang Medical College,China,Y,
863,Yunyang Teachers' College,China,Y,
864,Zhejiang Pharmaceutical College,China,Y,
865,Zhejiang Sci-Tech University,China,Y,
866,ZheJiang University,China,Y,
867,Zunyi Normal University,China,Y,
868,Targenomix,Company,N,
903,"Congo, Dem. Rep",Low Income Country,N,
904,"Gambia, The",Low Income Country,N,
905,"Korea, Dem Rep.",Low Income Country,N,
906,Afghanistan,Low Income Country,N,
907,Bangladesh,Low Income Country,N,
908,Benin,Low Income Country,N,
909,Burkina Faso,Low Income Country,N,
910,Burundi,Low Income Country,N,
911,Cambodia,Low Income Country,N,
912,Central African Republic,Low Income Country,N,
913,Chad,Low Income Country,N,
914,Comoros,Low Income Country,N,
915,Eritrea,Low Income Country,N,
916,Ethiopia,Low Income Country,N,
917,Guinea,Low Income Country,N,
918,Guinea-Bisau,Low Income Country,N,
919,Haiti,Low Income Country,N,
920,Kenya,Low Income Country,N,
921,Liberia,Low Income Country,N,
922,Madagascar,Low Income Country,N,
923,Malawi,Low Income Country,N,
924,Mali,Low Income Country,N,
925,Mozambique,Low Income Country,N,
926,Myanmar,Low Income Country,N,
927,Nepal,Low Income Country,N,
928,Niger,Low Income Country,N,
929,Rwanda,Low Income Country,N,
930,Sierra Leone,Low Income Country,N,
931,Somalia,Low Income Country,N,
932,Tajikistan,Low Income Country,N,
933,Tanzania,Low Income Country,N,
934,Togo,Low Income Country,N,
935,Uganda,Low Income Country,N,
936,Zimbabwe,Low Income Country,N,
937,Yonsei University,Korea,Y,
938,University of York,UK,Y,
939,University of Sheffield,UK,Y,
940,Lehman College,USA,Y,
941,La Trobe University,Australia,Y,
942,University of Lethbridge,Canada,Y,
943,University of Southampton,UK,Y,
944,University of Utah,USA,Y,
945,University of Mining and Technology,China,Y,
946,Shanghai Tech University,China,Y,
947,Beijing Hospitality Institute,China,Y,
948,Harding University,USA,Y,
949,University of Pennsylvania,USA,Y,
950,Oxford Brookes University,UK,Y,
951,"Institute of Geophysics, China Earthquake Administraion",China,Y,
952,Northeast Agricultural University Library,China,Y,
953,Anhui University of Finance and Economics,China,Y,
954,Library of Fujian Agriculture and Forestry University,China,Y,
955,Hengshui University,China,Y,
956,Guizhou Institute of Biology,China,Y,
957,Fujian Institute of Research on the Structure of Matter (CAS),China,Y,
959,Cardiff University,UK,Y,
960,Dartmouth College,USA,Y,
961,University of East Anglia,UK,Y,
962,University of Stavanger,Norway,Y,
963,James Madison University,USA,Y,
964,Colorado State University,USA,Y,
965,University of Colorado at Boulder,USA,Y,
966,University of Colorado at Denver,USA,Y,
967,Masaryk University,Czech Republic,Y,
968,Carleton University,Canada,Y,
969,Korea University,Korea,Y,
970,Evogene,Company,N,
971,University of North Carolina at Charlotte,USA,Y,
972,Volcani Center,Israel,Y,
973,Imperial College London,UK,Y,
974,Franklin and Marshall College,USA,Y,
975,Administrative Headquarters of the Max Planck Society,Germany,Y,
976,Institute of Himalayan Bioresource Technology (IHBT),India,Y,
977,University of Wisconsin Eau Claire,USA,Y,
978,Art History Institute in Florence - Max-Planck-Institute,Germany,Y,
979,Max Planck Institute for Astronomy,Germany,Y,
980,Max Planck Institute for Astrophysics,Germany,Y,
981,Bibliotheca Hertziana - Max Planck Institute for Art History,Germany,Y,
982,Max Planck Institute of Biochemistry,Germany,Y,
983,Max Planck Institute for Biogeochemistry,Germany,Y,
984,Max Planck Institute for Biological Cybernetics,Germany,Y,
985,Friedrich Miescher Laboratory of the Max Planck Society,Germany,Y,
986,Fritz Haber Institute of the Max Planck Society,Germany,Y,
987,German Climate Computation Center (DKRZ),Germany,Y,
988,Max Planck Digital Library,Germany,Y,
989,Max Planck Innovation,Germany,Y,
990,Max Planck Institute for Biophysical Chemistry (Karl Friedrich Bonhoeffer Institute),Germany,Y,
991,Max Planck Institute for Brain Research,Germany,Y,
992,Max Planck Institute for Chemical Ecology,Germany,Y,
993,Max Planck Institute for Chemical Energy Conversion,Germany,Y,
994,Max Planck Institute for Chemical Physics of Solids,Germany,Y,
995,Max Planck Institute for Chemistry (Otto Hahn Institute),Germany,Y,
996,Max Planck Institute for Comparative Public Law and International Law,Germany,Y,
997,Max Planck Institute for Computer Science,Germany,Y,
998,Max Planck Institute for Demographic Research,Germany,Y,
999,Max Planck Institute for Developmental Biology,Germany,Y,
1000,Max Planck Institute for Dynamics and Self-Organization,Germany,Y,
1001,Max Planck Institute for Dynamics of Complex Technical Systems,Germany,Y,
1002,Max Planck Institute for Empirical Aesthetics,Germany,Y,
1003,Max Planck Institute for European Legal History,Germany,Y,
1004,Max Planck Institute for Evolutionary Anthropology,Germany,Y,
1005,Max Planck Institute for Evolutionary Biology,Germany,Y,
1006,Max Planck Institute for Experimental Medicine,Germany,Y,
1007,Max Planck Institute for Extraterrestrial Physics,Germany,Y,
1008,Max Planck Institute for Foreign and International Criminal Law,Germany,Y,
1009,Max Planck Institute for Foreign Private and Private International Law,Germany,Y,
1010,Max Planck Institute for Gravitational Physics (Albert Einstein Institute),Germany,Y,
1011,Max Planck Institute for Heart and Lung Research (W. G. Kerckhoff Institute),Germany,Y,
1012,Max Planck Institute for History and the Sciences,Germany,Y,
1013,Max Planck Institute for Human Cognitive and Brain Sciences,Germany,Y,
1014,Max Planck Institute for Human Development,Germany,Y,
1015,Max Planck Institute for Infection Biology,Germany,Y,
1016,Max Planck Institute for Innovation and Max Planck Institute for Tax Law,Germany,Y,
1017,Max Planck Institute for Intelligent Systems,Germany,Y,
1018,Max Planck Institute for Iron Research,Germany,Y,
1019,Max Planck Institute for Marine Microbiology,Germany,Y,
1020,Max Planck Institute for Mathematics,Germany,Y,
1021,Max Planck Institute for Mathematics in the Sciences,Germany,Y,
1022,Max Planck Institute for Medical Research,Germany,Y,
1023,Max Planck Institute for Metabolic Research,Germany,Y,
1024,Max Planck Institute for Meteorology,Germany,Y,
1025,Max Planck Institute for Molecular Genetics,Germany,Y,
1026,Max Planck Institute for Nuclear Physics,Germany,Y,
1027,Max Planck Institute for Ornithology,Germany,Y,
1028,Max Planck Institute for Plant Breeding Research,Germany,Y,
1029,Max Planck Institute for Polymer Research,Germany,Y,
1030,Max Planck Institute for Psycholinguistics,Germany,Y,
1031,Max Planck Institute for Radio Astronomy,Germany,Y,
1032,Max Planck Institute for Research on Collective Goods,Germany,Y,
1033,Max Planck Institute for Social Anthropology,Germany,Y,
1034,Max Planck Institute for Social Law and Social Policy,Germany,Y,
1035,Max Planck Institute for Software Systems,Germany,Y,
1036,Max Planck Institute for Solar System Research,Germany,Y,
1037,Max Planck Institute for Solid State Research,Germany,Y,
1038,Max Planck Institute for Terrestrial Microbiology,Germany,Y,
1039,Max Planck Institute for the Biology of Ageing,Germany,Y,
1040,Max Planck Institute for the History of Science,Germany,Y,
1041,Max Planck Institute for the Physics of Complex Systems,Germany,Y,
1042,Max Planck Institute for the Science of Light,Germany,Y,
1043,Max Planck Institute for the Structure and Dynamics of Matter,Germany,Y,
1044,Max Planck Institute for the Study of Religious and Ethnic Diversity,Germany,Y,
1045,Max Planck Institute for the Study of Societies,Germany,Y,
1046,Max Planck Institute of Biophysics,Germany,Y,
1047,Max Planck Institute of Coal Research,Germany,Y,
1048,Max Planck Institute of Colloids and Interfaces,Germany,Y,
1049,Max Planck Institute of Immunobiology,Germany,Y,
1050,Max Planck Institute of Microstructure Physics,Germany,Y,
1051,Max Planck Institute of Molecular Biomedicine,Germany,Y,
1052,Max Planck Institute of Molecular Cell Biology and Genetics,Germany,Y,
1053,Max Planck Institute of Molecular Physiology,Germany,Y,
1054,Max Planck Institute of Molecular Plant Physiology,Germany,Y,
1055,Max Planck Institute of Neurobiology,Germany,Y,
1056,Max Planck Institute of Physics (Werner Heisenberg Institute),Germany,Y,
1057,Max Planck Institute of Plasma Physics,Germany,Y,
1058,Max Planck Institute of Psychiatry (German Research Institute for Psychiatry,Germany,Y,
1059,Max Planck Institute of Quantum Optics,Germany,Y,
1060,Services for all institutes of the Max Planck Society,Germany,Y,
1061,Services for all institutes of the Max Planck Society - Testing Infrastructure,Germany,Y,
1062,Society for Scientific Data Processing Gï¿½ttingen,Germany,Y,
1063,University of Oslo,Norway,Y,
1064,Southern Illinois University Edwardsville,USA,Y,
1065,University of Birmingham,UK,Y,
1066,Microsoft Bing Bots,,N,
1067,Wageningen UR,Netherlands,Y,
1068,Apple,,N,
1069,EMBL,Germany,Y,
1070,National University of Singapore,Singapore,Y,
1071,NIPGR,India,Y,
1072,Jiangxi Academy of Forestry,China,Y,
1073,University of Iowa,USA,Y,
1074,The New Zealand Institute for Plant and Food Research Limited,Company,N,
1075,Zhejiang A and F University,China,Y,
1077,ICAR 2015 Palais de Congres,,N,
1078,Leibniz Institute of Plant Genetics and Crop Plant Research,Germany,Y,
1079,"Royal Holloway, University of London",UK,Y,
1080,J. Craig Venter Institute,USA,Y,
1081,Library of Jiangsu University of Science and Technology,China,Y,
1082,Tropical Forestry Institute (CAAS),China,Y,
1083,"Lushan Botanical Garden, Jiangxi Province and Chinese Acadmy of Sciences",China,Y,
1084,Guangzhou Jinan University Library,China,Y,
1085,Library Sichuan Normal University,China,Y,
1086,Nanjing Tech University,China,Y,
1087,Inner Mongolia Agricultural University,China,Y,
1088,Library of South University of Science and Technology of China,China,Y,
1089,Tsinghua Library,China,Y,
1090,Beijing University of Technology Library,China,Y,
1091,Shanghai Technical lnstitute of Electronics and Information,China,Y,
1092,Sichuan Medical University,China,Y,
1093,Henan University Library,China,Y,
1094,Beijing Technology and Business University,China,Y,
1095,"Tianjin Institute of Industrial Biotechnology, CAS",China,Y,
1096,Beijing Institute of Clinical Medicine,China,Y,
1097,Kunming University,China,Y,
1098,"Beijing Tian Tan Hospital, Capital Medical University",China,Y,
1099,General Hospital of Beijing Military Region Department of Library PLA,China,Y,
1100,University of Zurich,Switzerland,Y,
1101,Administration cantonale genevoise,Switzerland,Y,
1102,Bern University Hospital,Switzerland,Y,
1103,Bern University of Applied Sciences,Switzerland,Y,
1104,Centre Hospitalier Universitaire Vaudois,Switzerland,Y,
1105,Ecole hÃ´teliÃ¨re de Lausanne,Switzerland,Y,
1106,Ecole Politechnique Federal de Lausanne,Switzerland,Y,
1107,Eidgenoessisches Hochschulinstitut fuer Berufsbildung,Switzerland,Y,
1108,EMPA Material Science &,Switzerland,Y,
1110,ETH Zurich,Switzerland,Y,
1111,Euresearch,Switzerland,Y,
1112,Fachhochschule St. Gallen,Switzerland,Y,
1113,Fernfachhochschule Schweiz,Switzerland,Y,
1114,Haute Ecole Neuchatel Berne Jura,Switzerland,Y,
1115,Haute ecole pedagogique du canton de Vaud,Switzerland,Y,
1116,Haute Ecole pedagogique Fribourg,Switzerland,Y,
1117,Hochschule fuer Technik Bern,Switzerland,Y,
1118,Hochschule fuer Technik Burgdorf,Switzerland,Y,
1119,Hochschule fuer Technik Chur,Switzerland,Y,
1120,Hochschule fuer Technik Rapperswil,Switzerland,Y,
1121,Hochschule fuer Technik und Architektur Biel,Switzerland,Y,
1122,Hoehere Fachschule fuer Technik Mittelland,Switzerland,Y,
1123,IMD,Switzerland,Y,
1124,Innerstaatliche Hochschule fuer Technik Buchs,Switzerland,Y,
1125,Interkantonale Hochschule fuer Heilpaedagogik,Switzerland,Y,
1126,Kantonsspital Basel,Switzerland,Y,
1127,Laureate Hospitality Education,Switzerland,Y,
1128,Lucerne University of Applied Sciences and Arts,Switzerland,Y,
1129,MeteoSwiss,Switzerland,Y,
1130,National Emergency Operations Centre,Switzerland,Y,
1131,Paedagogische Hochschule Thurgau,Switzerland,Y,
1132,Paul Scherrer Institute,Switzerland,Y,
1133,Phys.Meteo.Observatorium Davos,Switzerland,Y,
1134,Schweizerische Hochschule fuer Landwirtschaft,Switzerland,Y,
1135,Scuola universitaria professionale della Svizzera italiana,Switzerland,Y,
1136,"Swiss Federal Institute for Forest, Snow and Landscape Research WSL",Switzerland,Y,
1137,Swiss National Science Foundation,Switzerland,Y,
1138,Swiss National Supercomputing Centre,Switzerland,Y,
1139,SWITCH,Switzerland,Y,
1140,University Hospital Zurich,Switzerland,Y,
1141,University Hospitals of Geneva,Switzerland,Y,
1142,University of Applied Sciences and Arts Northwestern Switzerland Basel,Switzerland,Y,
1143,University of Applied Sciences and Arts Northwestern Switzerland Brug,Switzerland,Y,
1144,"University of Applied Sciences and Arts Northwestern Switzerland, Aargau",Switzerland,Y,
1145,University of Applied Sciences and Arts Western Switzerland,Switzerland,Y,
1146,University of Applied Sciences and Arts Western Switzerland Fribourg,Switzerland,Y,
1147,University of Applied Sciences and Arts Western Switzerland Yverdon,Switzerland,Y,
1148,University of Basel,Switzerland,Y,
1149,University of Bern,Switzerland,Y,
1150,University of Fribourg,Switzerland,Y,
1151,University of Geneva,Switzerland,Y,
1152,University of Liechtenstein,Switzerland,Y,
1153,University of Neuchatel,Switzerland,Y,
1154,University of St. Gallen,Switzerland,Y,
1155,Wissenschaftliches Netz Wallis,Switzerland,Y,
1157,World Business Council for Sustainable Development,Switzerland,Y,
1158,Zuercher Hochschule der Kuenste,Switzerland,Y,
1159,Zuercher Hochschule fuer Angewandte Wissenschaften ZHAW Waedenswil,Switzerland,Y,
1160,Zuercher Hochschule fuer Angewandte Wissenschaften ZHAW Winterthur,Switzerland,Y,
1161,Zurich University of Teacher Education,Switzerland,Y,
1162,University of Missouri - Columbia,USA,Y,
1163,ASPB Conference,,N,
1164,Brigham Young University,USA,Y,
1165,Langston University,USA,Y,
1166,Technical Physics Institute of Heilongjiang Academy of Sciences,China,Y,
1167,"Institute of Geochemistry, CAS",China,Y,
1168,China University of Petroleum,China,Y,
1169,Library of Civil Aviation Flight University of China,China,Y,
1170,Whitman College,USA,Y,
1171,Qinghai Cardiovascular and Cerebrovascular Disease Hospital,China,Y,
1172,Hubei Institute of Aerospace Chemotechnology,China,Y,
1173,Shanghai Customs College,China,Y,
1174,University of Nottingham,UK,Y,
1175,University of Gothenburg,Sweden,Y,